subid, subage, version, counter, mod, targetname, response, chosetarget, targetname,modifier, date, timestamp,rtsearch, targetpos,targetside,chosenside 
0,0,v3,1,new,blicket,no,true,blicket,new,7/19/2019,9:46,3899,1,left,left
0,0,v3,2,new,sprock,yes,true,sprock,new,7/19/2019,9:46,3712,2,right,right
subid, subage, version, counter, mod, targetname, response, chosetarget, targetname,modifier, date, timestamp,rtsearch, targetpos,targetside,chosenside 
0,0,v3,1,,zorp,yes,true,zorp,nomodifier,7/19/2019,9:50,2824,2,right,right
0,0,v3,2,new,gade,yes,true,gade,new,7/19/2019,9:50,3784,2,right,right
0,0,v3,3,new,sprock,yes,true,sprock,new,7/19/2019,9:50,4209,1,left,left
0,0,v3,4,new,koba,no,true,koba,new,7/19/2019,9:50,3588,1,left,left
0,0,v3,5,new,blicket,no,true,blicket,new,7/19/2019,9:50,4050,1,left,left
0,0,v3,6,,toma,no,false,toma,nomodifier,7/19/2019,9:50,2694,1,left,right
0,0,v3,7,,boti,no,true,boti,nomodifier,7/19/2019,9:50,1997,2,right,right
0,0,v3,8,,wug,yes,true,wug,nomodifier,7/19/2019,9:50,2413,1,left,left
subid, subage, version, counter, mod, targetname, response, chosetarget, targetname,modifier, date, timestamp,rtsearch, targetpos,targetside,chosenside 
subid, subage, version, counter, mod, targetname, response, chosetarget, targetname,modifier, date, timestamp,rtsearch, targetpos,targetside,chosenside 
subid, subage, version, counter, mod, targetname, response, chosetarget, targetname,modifier, date, timestamp,rtsearch, targetpos,targetside,chosenside 
0,0,v2,1,,gade,yes,true,gade,nomodifier,7/19/2019,9:53,2999,1,left,left
0,0,v2,2,,sprock,yes,true,sprock,nomodifier,7/19/2019,9:53,3147,1,left,left
subid, subage, version, counter, mod, targetname, response, chosetarget, targetname,modifier, date, timestamp,rtsearch, targetpos,targetside,chosenside 
0,0,v1,1,,boti,yes,true,boti,nomodifier,7/19/2019,10:05,2195,1,left,left
0,0,v1,2,,zorp,no,true,zorp,nomodifier,7/19/2019,10:05,2052,2,right,right
0,0,v1,3,new,sprock,no,true,sprock,new,7/19/2019,10:05,2714,1,left,left
0,0,v1,4,,wug,no,true,wug,nomodifier,7/19/2019,10:05,11062,1,left,left
0,0,v1,5,,toma,yes,true,toma,nomodifier,7/19/2019,10:05,2013,2,right,right
0,0,v1,6,new,blicket,yes,true,blicket,new,7/19/2019,10:05,3142,1,left,left
0,0,v1,7,new,gade,no,true,gade,new,7/19/2019,10:05,3683,2,right,right
0,0,v1,8,new,koba,yes,true,koba,new,7/19/2019,10:05,2814,1,left,left
0,0,v2,1,new,boti,no,true,boti,new,7/19/2019,9:52,980206,1,left,left
subid, subage, version, counter, mod, targetname, response, chosetarget, targetname,modifier, date, timestamp,rtsearch, targetpos,targetside,chosenside 
subid, subage, version, counter, mod, targetname, response, chosetarget, targetname,modifier, date, timestamp,rtsearch, targetpos,targetside,chosenside 
0,0,v1,1,,toma,yes,true,toma,nomodifier,7/19/2019,10:09,2434,1,left,left
0,0,v1,2,new,sprock,no,true,sprock,new,7/19/2019,10:09,2786,1,left,left
subid, subage, version, counter, mod, targetname, response, chosetarget, targetname,modifier, date, timestamp,rtsearch, targetpos,targetside,chosenside 
subid, subage, version, counter, mod, targetname, response, chosetarget, targetname,modifier, date, timestamp,rtsearch, targetpos,targetside,chosenside 
subid, subage, version, counter, mod, targetname, response, chosetarget, targetname,modifier, date, timestamp,rtsearch, targetpos,targetside,chosenside 
0,0,v2,1,new,wug,yes,true,wug,new,7/19/2019,10:13,3759,2,right,right
0,0,v2,2,new,toma,no,true,toma,new,7/19/2019,10:13,2358,2,right,right
subid, subage, version, counter, mod, targetname, response, chosetarget, targetname,modifier, date, timestamp,rtsearch, targetpos,targetside,chosenside 
0,0,v3,1,new,sprock,yes,true,sprock,new,7/19/2019,10:16,3734,1,left,left
subid, subage, version, counter, mod, targetname, response, chosetarget, targetname,modifier, date, timestamp,rtsearch, targetpos,targetside,chosenside 
0,0,v1,1,,zorp,no,true,zorp,nomodifier,7/19/2019,10:17,2483,2,right,right
0,0,v1,2,new,blicket,yes,true,blicket,new,7/19/2019,10:17,4260,1,left,left
0,0,v1,3,,boti,yes,true,boti,nomodifier,7/19/2019,10:17,3391,1,left,left
0,0,v1,4,new,sprock,no,true,sprock,new,7/19/2019,10:17,5024,2,right,right
0,0,v1,5,new,koba,yes,true,koba,new,7/19/2019,10:17,2459,2,right,right
0,0,v1,6,,toma,yes,true,toma,nomodifier,7/19/2019,10:17,888,2,right,right
0,0,v1,7,,wug,no,true,wug,nomodifier,7/19/2019,10:17,2455,1,left,left
0,0,v1,8,new,gade,no,true,gade,new,7/19/2019,10:17,3350,2,right,right
subid, subage, version, counter, mod, targetname, response, chosetarget, targetname,modifier, date, timestamp,rtsearch, targetpos,targetside,chosenside 
0,0,v2,1,,blicket,no,true,blicket,nomodifier,7/19/2019,10:20,3247,2,right,right
0,0,v2,2,,gade,yes,true,gade,nomodifier,7/19/2019,10:20,3755,2,right,right
0,0,v2,3,new,wug,yes,true,wug,new,7/19/2019,10:20,2083,2,right,right
0,0,v2,4,new,toma,no,true,toma,new,7/19/2019,10:20,2366,2,right,right
0,0,v2,5,new,zorp,yes,true,zorp,new,7/19/2019,10:20,1965,2,right,right
0,0,v2,6,new,boti,no,true,boti,new,7/19/2019,10:20,1787,1,left,left
0,0,v2,7,,sprock,yes,true,sprock,nomodifier,7/19/2019,10:20,3076,1,left,left
0,0,v2,8,,koba,no,true,koba,nomodifier,7/19/2019,10:20,2211,1,left,left
subid, subage, version, counter, mod, targetname, response, chosetarget, targetname,modifier, date, timestamp,rtsearch, targetpos,targetside,chosenside 
0,0,v1,1,new,sprock,no,false,sprock,new,7/19/2019,10:44,3101,2,right,left
0,0,v1,2,,boti,yes,true,boti,nomodifier,7/19/2019,10:44,1546,1,left,left
subid, subage, version, counter, mod, targetname, response, chosetarget, targetname,modifier, date, timestamp,rtsearch, targetpos,targetside,chosenside 
0,0,v2,2,new,toma,no,false,toma,new,7/23/2019,10:15,2334,2,right,left
0,0,v2,3,,sprock,yes,false,sprock,nomodifier,7/23/2019,10:15,1382,2,right,left
0,0,v2,4,new,wug,yes,true,wug,new,7/23/2019,10:15,4900,1,left,left
0,0,v2,5,,gade,yes,true,gade,nomodifier,7/23/2019,10:15,1437,1,left,left
0,0,v2,6,new,zorp,yes,false,zorp,new,7/23/2019,10:15,1341,2,right,left
0,0,v2,7,,koba,no,false,koba,nomodifier,7/23/2019,10:15,1094,2,right,left
0,0,v2,8,new,boti,no,true,boti,new,7/23/2019,10:15,1436,2,right,right
subid, subage, version, counter, mod, targetname, response, chosetarget, targetname,modifier, date, timestamp,rtsearch, targetpos,targetside,chosenside 
0,0,v3,1,,wug,yes,true,wug,nomodifier,7/23/2019,10:17,8923,2,right,right
0,0,v3,2,new,sprock,yes,true,sprock,new,7/23/2019,10:17,7647,1,left,left
0,0,v3,3,new,blicket,no,true,blicket,new,7/23/2019,10:17,9865,1,left,left
subid, subage, version, counter, mod, targetname, response, chosetarget, targetname,modifier, date, timestamp,rtsearch, targetpos,targetside,chosenside 
0,0,v3,4,,toma,no,false,toma,nomodifier,7/23/2019,10:17,13228,1,left,right
0,0,v2,1,new,toma,no,false,toma,new,7/23/2019,10:18,6687,1,left,right
0,0,v3,5,new,gade,yes,false,gade,new,7/23/2019,10:17,6558,2,right,left
0,0,v2,2,,sprock,yes,false,sprock,nomodifier,7/23/2019,10:18,16542,2,right,left
0,0,v3,6,,boti,no,false,boti,nomodifier,7/23/2019,10:17,8269,2,right,left
0,0,v2,3,new,wug,yes,true,wug,new,7/23/2019,10:18,5589,2,right,right
0,0,v3,7,,zorp,yes,true,zorp,nomodifier,7/23/2019,10:17,3709,1,left,left
0,0,v2,4,,blicket,no,true,blicket,nomodifier,7/23/2019,10:18,4273,1,left,left
0,0,v2,5,new,boti,no,false,boti,new,7/23/2019,10:18,1269,2,right,left
0,0,v3,8,new,koba,no,false,koba,new,7/23/2019,10:17,14711,1,left,right
0,0,v2,6,,gade,yes,false,gade,nomodifier,7/23/2019,10:18,1399,2,right,left
0,0,v2,7,,koba,no,false,koba,nomodifier,7/23/2019,10:18,1215,2,right,left
0,0,v2,8,new,zorp,yes,false,zorp,new,7/23/2019,10:18,1345,2,right,left
subid, subage, version, counter, mod, targetname, response, chosetarget, targetname,modifier, date, timestamp,rtsearch, targetpos,targetside,chosenside 
0,0,v3,1,,toma,no,true,toma,nomodifier,7/23/2019,10:21,4695,2,right,right
0,0,v3,2,new,sprock,yes,true,sprock,new,7/23/2019,10:21,23680,1,left,left
0,0,v3,3,new,blicket,no,true,blicket,new,7/23/2019,10:21,8277,2,right,right
0,0,v3,4,,wug,yes,false,wug,nomodifier,7/23/2019,10:21,61548,2,right,left
0,0,v3,6,new,gade,yes,true,gade,new,7/23/2019,10:21,4598,2,right,right
0,0,v3,7,,boti,no,false,boti,nomodifier,7/23/2019,10:21,2211,1,left,right
0,0,v3,8,,zorp,yes,true,zorp,nomodifier,7/23/2019,10:21,1251,2,right,right
subid, subage, version, counter, mod, targetname, response, chosetarget, targetname,modifier, date, timestamp,rtsearch, targetpos,targetside,chosenside 
36,4,v3,1,,wug,yes,true,wug,nomodifier,7/23/2019,10:57,7025,1,left,left
36,4,v3,2,new,sprock,yes,true,sprock,new,7/23/2019,10:57,4474,2,right,right
36,4,v3,3,new,blicket,no,true,blicket,new,7/23/2019,10:57,4386,2,right,right
36,4,v3,4,,toma,no,true,toma,nomodifier,7/23/2019,10:57,3785,2,right,right
36,4,v3,5,new,gade,yes,false,gade,new,7/23/2019,10:57,4928,1,left,right
36,4,v3,6,new,koba,no,true,koba,new,7/23/2019,10:57,4051,2,right,right
36,4,v3,7,,boti,no,true,boti,nomodifier,7/23/2019,10:57,2551,1,left,left
36,4,v3,8,,zorp,yes,true,zorp,nomodifier,7/23/2019,10:57,2321,2,right,right
subid, subage, version, counter, mod, targetname, response, chosetarget, targetname,modifier, date, timestamp,rtsearch, targetpos,targetside,chosenside 
37,3,v2,1,new,wug,yes,true,wug,new,7/23/2019,11:03,7325,1,left,left
37,3,v2,2,new,toma,no,true,toma,new,7/23/2019,11:03,9617,1,left,left
37,3,v2,3,,sprock,yes,true,sprock,nomodifier,7/23/2019,11:03,3307,1,left,left
37,3,v2,4,,blicket,no,true,blicket,nomodifier,7/23/2019,11:03,6871,2,right,right
37,3,v2,5,,gade,yes,false,gade,nomodifier,7/23/2019,11:03,22102,1,left,right
37,3,v2,6,,koba,no,true,koba,nomodifier,7/23/2019,11:03,2900,1,left,left
37,3,v2,7,new,boti,no,true,boti,new,7/23/2019,11:03,8999,1,left,left
37,3,v2,8,new,zorp,yes,true,zorp,new,7/23/2019,11:03,5655,1,left,left
subid, subage, version, counter, mod, targetname, response, chosetarget, targetname,modifier, date, timestamp,rtsearch, targetpos,targetside,chosenside 
38,6,v2,1,,sprock,yes,true,sprock,nomodifier,7/23/2019,11:49,5556,2,right,right
38,6,v2,2,new,wug,yes,true,wug,new,7/23/2019,11:49,2739,2,right,right
38,6,v2,3,,blicket,no,false,blicket,nomodifier,7/23/2019,11:49,6221,1,left,right
38,6,v2,4,new,toma,no,false,toma,new,7/23/2019,11:49,5393,1,left,right
38,6,v2,5,,gade,yes,true,gade,nomodifier,7/23/2019,11:49,3926,1,left,left
38,6,v2,6,new,boti,no,false,boti,new,7/23/2019,11:49,4929,1,left,right
38,6,v2,7,new,zorp,yes,true,zorp,new,7/23/2019,11:49,2621,2,right,right
38,6,v2,8,,koba,no,false,koba,nomodifier,7/23/2019,11:49,2407,2,right,left
subid, subage, version, counter, mod, targetname, response, chosetarget, targetname,modifier, date, timestamp,rtsearch, targetpos,targetside,chosenside 
39,6,v2,1,,blicket,no,true,blicket,nomodifier,7/23/2019,12:15,29729,1,left,left
39,6,v2,2,new,toma,no,true,toma,new,7/23/2019,12:15,5428,2,right,right
39,6,v2,3,,sprock,yes,true,sprock,nomodifier,7/23/2019,12:15,3258,2,right,right
subid, subage, version, counter, mod, targetname, response, chosetarget, targetname,modifier, date, timestamp,rtsearch, targetpos,targetside,chosenside 
40,4,v3,1,,toma,no,true,toma,nomodifier,7/23/2019,12:45,4279,2,right,right
39,6,v2,4,new,wug,yes,false,wug,new,7/23/2019,12:15,10321,2,right,left
40,4,v3,2,,wug,yes,true,wug,nomodifier,7/23/2019,12:45,2710,1,left,left
39,6,v2,5,new,zorp,yes,true,zorp,new,7/23/2019,12:15,3140,2,right,right
40,4,v3,3,new,blicket,no,true,blicket,new,7/23/2019,12:45,3266,2,right,right
40,4,v3,4,new,sprock,yes,true,sprock,new,7/23/2019,12:45,11954,2,right,right
39,6,v2,7,new,boti,no,true,boti,new,7/23/2019,12:15,15522,2,right,right
40,4,v3,5,new,koba,no,true,koba,new,7/23/2019,12:45,2832,2,right,right
40,4,v3,6,,zorp,yes,true,zorp,nomodifier,7/23/2019,12:45,6954,2,right,right
39,6,v2,8,,gade,yes,true,gade,nomodifier,7/23/2019,12:15,3924,2,right,right
40,4,v3,7,,boti,no,true,boti,nomodifier,7/23/2019,12:45,14527,2,right,right
40,4,v3,8,new,gade,yes,true,gade,new,7/23/2019,12:45,3598,2,right,right
subid, subage, version, counter, mod, targetname, response, chosetarget, targetname,modifier, date, timestamp,rtsearch, targetpos,targetside,chosenside 
00,0,v3,1,new,sprock,yes,true,sprock,new,7/23/2019,12:51,2621,1,left,left
00,0,v3,2,new,blicket,no,false,blicket,new,7/23/2019,12:51,1877,2,right,left
00,0,v3,3,,toma,no,false,toma,nomodifier,7/23/2019,12:51,3391,1,left,right
00,0,v3,4,,wug,yes,true,wug,nomodifier,7/23/2019,12:51,2894,2,right,right
00,0,v3,5,new,gade,yes,true,gade,new,7/23/2019,12:51,2977,1,left,left
00,0,v3,6,new,koba,no,false,koba,new,7/23/2019,12:51,3290,1,left,right
00,0,v3,7,,boti,no,false,boti,nomodifier,7/23/2019,12:51,1734,1,left,right
00,0,v3,8,,zorp,yes,true,zorp,nomodifier,7/23/2019,12:51,1225,2,right,right
subid, subage, version, counter, mod, targetname, response, chosetarget, targetname,modifier, date, timestamp,rtsearch, targetpos,targetside,chosenside 
41,6,v4,1,new,toma,yes,true,toma,new,7/23/2019,12:51,6096,2,right,right
41,6,v4,2,,gade,no,true,gade,nomodifier,7/23/2019,12:51,8407,2,right,right
41,6,v4,3,new,wug,no,true,wug,new,7/23/2019,12:51,4960,1,left,left
41,6,v4,4,,koba,yes,true,koba,nomodifier,7/23/2019,12:51,2473,2,right,right
41,6,v4,5,,sprock,no,true,sprock,nomodifier,7/23/2019,12:51,1515,2,right,right
41,6,v4,6,,blicket,yes,true,blicket,nomodifier,7/23/2019,12:51,2480,1,left,left
41,6,v4,7,new,zorp,no,true,zorp,new,7/23/2019,12:51,2611,1,left,left
41,6,v4,8,new,boti,yes,true,boti,new,7/23/2019,12:51,1747,1,left,left
subid, subage, version, counter, mod, targetname, response, chosetarget, targetname,modifier, date, timestamp,rtsearch, targetpos,targetside,chosenside 
subid, subage, version, counter, mod, targetname, response, chosetarget, targetname,modifier, date, timestamp,rtsearch, targetpos,targetside,chosenside 
41,5,v2,1,,blicket,no,true,blicket,nomodifier,7/23/2019,13:09,5159,2,right,right
41,5,v2,2,,sprock,yes,true,sprock,nomodifier,7/23/2019,13:09,2275,2,right,right
41,5,v2,3,new,wug,yes,true,wug,new,7/23/2019,13:09,5794,2,right,right
41,5,v2,4,new,toma,no,true,toma,new,7/23/2019,13:09,3395,2,right,right
41,5,v2,5,,gade,yes,true,gade,nomodifier,7/23/2019,13:09,5349,2,right,right
41,5,v2,6,new,boti,no,true,boti,new,7/23/2019,13:09,2859,1,left,left
41,5,v2,7,,koba,no,true,koba,nomodifier,7/23/2019,13:09,2642,2,right,right
41,5,v2,8,new,zorp,yes,true,zorp,new,7/23/2019,13:09,3209,1,left,left
subid, subage, version, counter, mod, targetname, response, chosetarget, targetname,modifier, date, timestamp,rtsearch, targetpos,targetside,chosenside 
42,4,v2,1,,sprock,yes,false,sprock,nomodifier,7/23/2019,13:32,5955,2,right,left
42,4,v2,2,new,toma,no,true,toma,new,7/23/2019,13:32,6989,2,right,right
42,4,v2,3,new,wug,yes,true,wug,new,7/23/2019,13:32,5069,2,right,right
42,4,v2,4,,blicket,no,false,blicket,nomodifier,7/23/2019,13:32,4074,2,right,left
42,4,v2,5,new,boti,no,false,boti,new,7/23/2019,13:32,3985,1,left,right
42,4,v2,6,new,zorp,yes,true,zorp,new,7/23/2019,13:32,4216,2,right,right
42,4,v2,7,,koba,no,false,koba,nomodifier,7/23/2019,13:32,7132,1,left,right
42,4,v2,8,,gade,yes,true,gade,nomodifier,7/23/2019,13:32,7943,1,left,left
subid, subage, version, counter, mod, targetname, response, chosetarget, targetname,modifier, date, timestamp,rtsearch, targetpos,targetside,chosenside 
44,5,v2,1,new,wug,yes,false,wug,new,7/23/2019,14:06,8169,2,right,left
44,5,v2,2,new,toma,no,true,toma,new,7/23/2019,14:06,3236,2,right,right
44,5,v2,3,,blicket,no,false,blicket,nomodifier,7/23/2019,14:06,4812,1,left,right
44,5,v2,4,,sprock,yes,true,sprock,nomodifier,7/23/2019,14:06,8249,2,right,right
44,5,v2,5,new,boti,no,true,boti,new,7/23/2019,14:06,3024,2,right,right
44,5,v2,6,new,zorp,yes,true,zorp,new,7/23/2019,14:06,2207,2,right,right
44,5,v2,7,,koba,no,true,koba,nomodifier,7/23/2019,14:06,2260,1,left,left
44,5,v2,8,,gade,yes,true,gade,nomodifier,7/23/2019,14:06,3466,2,right,right
subid, subage, version, counter, mod, targetname, response, chosetarget, targetname,modifier, date, timestamp,rtsearch, targetpos,targetside,chosenside 
0,0,v3,1,new,sprock,yes,false,sprock,new,7/23/2019,15:45,1459,2,right,left
subid, subage, version, counter, mod, targetname, response, chosetarget, targetname,modifier, date, timestamp,rtsearch, targetpos,targetside,chosenside 
50,5,v1,1,,boti,yes,true,boti,nomodifier,7/23/2019,15:48,4647,2,right,right
50,5,v1,2,new,blicket,yes,true,blicket,new,7/23/2019,15:48,3573,1,left,left
50,5,v1,3,,zorp,no,false,zorp,nomodifier,7/23/2019,15:48,3014,2,right,left
50,5,v1,4,new,sprock,no,false,sprock,new,7/23/2019,15:48,4785,1,left,right
50,5,v1,5,new,koba,yes,true,koba,new,7/23/2019,15:48,2440,1,left,left
50,5,v1,6,new,gade,no,false,gade,new,7/23/2019,15:48,3448,2,right,left
50,5,v1,7,,wug,no,false,wug,nomodifier,7/23/2019,15:48,3093,2,right,left
50,5,v1,8,,toma,yes,true,toma,nomodifier,7/23/2019,15:48,2475,1,left,left
subid, subage, version, counter, mod, targetname, response, chosetarget, targetname,modifier, date, timestamp,rtsearch, targetpos,targetside,chosenside 
51,3,v2,1,new,toma,no,true,toma,new,7/23/2019,15:56,3326,2,right,right
51,3,v2,2,,blicket,no,true,blicket,nomodifier,7/23/2019,15:56,4976,1,left,left
51,3,v2,3,,sprock,yes,true,sprock,nomodifier,7/23/2019,15:56,5166,2,right,right
51,3,v2,4,new,wug,yes,true,wug,new,7/23/2019,15:56,5278,2,right,right
51,3,v2,5,new,boti,no,true,boti,new,7/23/2019,15:56,5781,2,right,right
51,3,v2,6,,gade,yes,true,gade,nomodifier,7/23/2019,15:56,5282,2,right,right
51,3,v2,7,new,zorp,yes,true,zorp,new,7/23/2019,15:56,2793,1,left,left
51,3,v2,8,,koba,no,true,koba,nomodifier,7/23/2019,15:56,7316,2,right,right
subid, subage, version, counter, mod, targetname, response, chosetarget, targetname,modifier, date, timestamp,rtsearch, targetpos,targetside,chosenside 
0,0,v4,1,,gade,no,false,gade,nomodifier,7/25/2019,10:05,3834,1,left,right
0,0,v4,2,new,wug,no,true,wug,new,7/25/2019,10:05,6912,1,left,left
0,0,v4,3,new,toma,yes,true,toma,new,7/25/2019,10:05,3294,2,right,right
subid, subage, version, counter, mod, targetname, response, chosetarget, targetname,modifier, date, timestamp,rtsearch, targetpos,targetside,chosenside 
0,0,v4,1,new,wug,no,true,wug,new,7/25/2019,10:10,4797,2,right,right
0,0,v4,2,,koba,yes,true,koba,nomodifier,7/25/2019,10:10,9718,2,right,right
0,0,v4,3,new,toma,yes,true,toma,new,7/25/2019,10:10,4829,1,left,left
subid, subage, version, counter, mod, targetname, response, chosetarget, targetname,modifier, date, timestamp,rtsearch, targetpos,targetside,chosenside 
0,0,v4,1,new,toma,yes,true,toma,new,7/25/2019,10:10,5717,2,right,right
0,0,v4,2,new,wug,no,true,wug,new,7/25/2019,10:10,2385,2,right,right
0,0,v4,3,,koba,yes,true,koba,nomodifier,7/25/2019,10:10,3346,1,left,left
subid, subage, version, counter, mod, targetname, response, chosetarget, targetname,modifier, date, timestamp,rtsearch, targetpos,targetside,chosenside 
subid, subage, version, counter, mod, targetname, response, chosetarget, targetname,modifier, date, timestamp,rtsearch, targetpos,targetside,chosenside 
subid, subage, version, counter, mod, targetname, response, chosetarget, targetname,modifier, date, timestamp,rtsearch, targetpos,targetside,chosenside 
subid, subage, version, counter, mod, targetname, response, chosetarget, targetname,modifier, date, timestamp,rtsearch, targetpos,targetside,chosenside 
45,6,v4,1,,gade,no,true,gade,nomodifier,7/25/2019,10:12,4484,1,left,left
46,4,v3,1,new,blicket,no,true,blicket,new,7/25/2019,10:14,7511,2,right,right
45,6,v4,2,new,wug,no,true,wug,new,7/25/2019,10:12,4473,2,right,right
46,4,v3,2,,toma,no,true,toma,nomodifier,7/25/2019,10:14,4008,1,left,left
45,6,v4,3,new,toma,yes,false,toma,new,7/25/2019,10:12,3172,1,left,right
46,4,v3,3,new,sprock,yes,false,sprock,new,7/25/2019,10:14,9115,1,left,right
45,6,v4,4,,koba,yes,true,koba,nomodifier,7/25/2019,10:12,4758,2,right,right
46,4,v3,4,,wug,yes,true,wug,nomodifier,7/25/2019,10:14,3192,1,left,left
45,6,v4,5,new,zorp,no,false,zorp,new,7/25/2019,10:12,4377,2,right,left
46,4,v3,5,new,koba,no,false,koba,new,7/25/2019,10:14,3571,2,right,left
45,6,v4,6,,sprock,no,false,sprock,nomodifier,7/25/2019,10:12,3187,1,left,right
46,4,v3,6,,boti,no,false,boti,nomodifier,7/25/2019,10:14,2719,2,right,left
45,6,v4,7,new,boti,yes,true,boti,new,7/25/2019,10:12,2744,1,left,left
46,4,v3,7,,zorp,yes,true,zorp,nomodifier,7/25/2019,10:14,2569,2,right,right
45,6,v4,8,,blicket,yes,true,blicket,nomodifier,7/25/2019,10:12,3662,2,right,right
46,4,v3,8,new,gade,yes,false,gade,new,7/25/2019,10:14,4494,2,right,left
subid, subage, version, counter, mod, targetname, response, chosetarget, targetname,modifier, date, timestamp,rtsearch, targetpos,targetside,chosenside 
47,4,v4,1,,gade,no,true,gade,nomodifier,7/25/2019,12:07,7788,2,right,right
47,4,v4,2,new,toma,yes,true,toma,new,7/25/2019,12:07,3124,2,right,right
47,4,v4,3,,koba,yes,true,koba,nomodifier,7/25/2019,12:07,3079,2,right,right
47,4,v4,4,new,wug,no,true,wug,new,7/25/2019,12:07,27563,2,right,right
47,4,v4,5,,sprock,no,true,sprock,nomodifier,7/25/2019,12:07,2602,1,left,left
47,4,v4,6,,blicket,yes,true,blicket,nomodifier,7/25/2019,12:07,2090,1,left,left
47,4,v4,7,new,zorp,no,true,zorp,new,7/25/2019,12:07,1890,2,right,right
subid, subage, version, counter, mod, targetname, response, chosetarget, targetname,modifier, date, timestamp,rtsearch, targetpos,targetside,chosenside 
47,4,v4,8,new,boti,yes,true,boti,new,7/25/2019,12:07,2094,1,left,left
48,3,v3,1,new,blicket,no,true,blicket,new,7/25/2019,12:07,16144,2,right,right
48,3,v3,2,,wug,yes,true,wug,nomodifier,7/25/2019,12:07,3794,1,left,left
48,3,v3,3,new,sprock,yes,true,sprock,new,7/25/2019,12:07,4737,1,left,left
48,3,v3,4,,toma,no,true,toma,nomodifier,7/25/2019,12:07,12962,2,right,right
48,3,v3,5,,zorp,yes,true,zorp,nomodifier,7/25/2019,12:07,6611,1,left,left
48,3,v3,6,,boti,no,true,boti,nomodifier,7/25/2019,12:07,4870,1,left,left
48,3,v3,7,new,gade,yes,true,gade,new,7/25/2019,12:07,13492,1,left,left
48,3,v3,8,new,koba,no,true,koba,new,7/25/2019,12:07,3179,1,left,left
subid, subage, version, counter, mod, targetname, response, chosetarget, targetname,modifier, date, timestamp,rtsearch, targetpos,targetside,chosenside 
49,6,v3,1,new,sprock,yes,true,sprock,new,7/25/2019,12:13,5736,1,left,left
49,6,v3,2,,wug,yes,true,wug,nomodifier,7/25/2019,12:13,3802,2,right,right
49,6,v3,3,,toma,no,true,toma,nomodifier,7/25/2019,12:13,18227,2,right,right
49,6,v3,4,new,blicket,no,true,blicket,new,7/25/2019,12:13,18899,1,left,left
49,6,v3,5,,boti,no,true,boti,nomodifier,7/25/2019,12:13,2555,1,left,left
49,6,v3,6,new,koba,no,true,koba,new,7/25/2019,12:13,2696,2,right,right
49,6,v3,7,new,gade,yes,true,gade,new,7/25/2019,12:13,3575,2,right,right
49,6,v3,8,,zorp,yes,true,zorp,nomodifier,7/25/2019,12:13,3302,1,left,left
subid, subage, version, counter, mod, targetname, response, chosetarget, targetname,modifier, date, timestamp,rtsearch, targetpos,targetside,chosenside 
52,6,v3,1,,toma,no,true,toma,nomodifier,7/25/2019,12:23,4696,2,right,right
52,6,v3,2,new,sprock,yes,false,sprock,new,7/25/2019,12:23,5080,2,right,left
52,6,v3,3,new,blicket,no,true,blicket,new,7/25/2019,12:23,5627,1,left,left
52,6,v3,4,,wug,yes,true,wug,nomodifier,7/25/2019,12:23,7834,2,right,right
52,6,v3,5,,zorp,yes,true,zorp,nomodifier,7/25/2019,12:23,5377,2,right,right
52,6,v3,6,,boti,no,true,boti,nomodifier,7/25/2019,12:23,3945,2,right,right
52,6,v3,7,new,koba,no,true,koba,new,7/25/2019,12:23,4113,2,right,right
52,6,v3,8,new,gade,yes,true,gade,new,7/25/2019,12:23,5767,2,right,right
subid, subage, version, counter, mod, targetname, response, chosetarget, targetname,modifier, date, timestamp,rtsearch, targetpos,targetside,chosenside 
subid, subage, version, counter, mod, targetname, response, chosetarget, targetname,modifier, date, timestamp,rtsearch, targetpos,targetside,chosenside 
53,5,v2,1,,blicket,no,true,blicket,nomodifier,7/25/2019,10:16,6022,2,right,right
subid, subage, version, counter, mod, targetname, response, chosetarget, targetname,modifier, date, timestamp,rtsearch, targetpos,targetside,chosenside 
53,5,v2,2,new,toma,no,true,toma,new,7/25/2019,10:16,3666,2,right,right
53,5,v2,3,new,wug,yes,true,wug,new,7/25/2019,10:16,3325,2,right,right
53,5,v2,4,,sprock,yes,true,sprock,nomodifier,7/25/2019,10:16,2613,2,right,right
53,5,v2,5,,gade,yes,true,gade,nomodifier,7/25/2019,10:16,3771,2,right,right
53,5,v2,6,new,zorp,yes,true,zorp,new,7/25/2019,10:16,4416,2,right,right
53,5,v2,7,,koba,no,true,koba,nomodifier,7/25/2019,10:16,4445,2,right,right
53,5,v2,8,new,boti,no,true,boti,new,7/25/2019,10:16,3190,2,right,right
subid, subage, version, counter, mod, targetname, response, chosetarget, targetname,modifier, date, timestamp,rtsearch, targetpos,targetside,chosenside 
54,5,v3,1,new,blicket,no,true,blicket,new,7/25/2019,12:58,1893,2,right,right
54,5,v3,2,new,sprock,yes,true,sprock,new,7/25/2019,12:58,1442,1,left,left
54,5,v3,3,,toma,no,true,toma,nomodifier,7/25/2019,12:58,1362,2,right,right
subid, subage, version, counter, mod, targetname, response, chosetarget, targetname,modifier, date, timestamp,rtsearch, targetpos,targetside,chosenside 
54,5,v3,4,,wug,yes,true,wug,nomodifier,7/25/2019,12:58,1585,1,left,left
55,6,v3,1,new,sprock,yes,true,sprock,new,7/25/2019,13:41,3862,1,left,left
54,5,v3,5,new,gade,yes,true,gade,new,7/25/2019,12:58,2286,1,left,left
54,5,v3,6,,boti,no,true,boti,nomodifier,7/25/2019,12:58,3018,1,left,left
54,5,v3,7,new,koba,no,true,koba,new,7/25/2019,12:58,1990,2,right,right
55,6,v3,2,new,blicket,no,false,blicket,new,7/25/2019,13:41,25660,1,left,right
subid, subage, version, counter, mod, targetname, response, chosetarget, targetname,modifier, date, timestamp,rtsearch, targetpos,targetside,chosenside 
54,5,v3,8,,zorp,yes,true,zorp,nomodifier,7/25/2019,12:58,3460,1,left,left
55,6,v3,3,,toma,no,false,toma,nomodifier,7/25/2019,13:41,2756,1,left,right
56,3,v4,1,,gade,no,false,gade,nomodifier,7/25/2019,13:41,9528,2,right,left
55,6,v3,4,,wug,yes,true,wug,nomodifier,7/25/2019,13:41,12300,1,left,left
56,3,v4,2,new,toma,yes,true,toma,new,7/25/2019,13:41,22528,2,right,right
55,6,v3,5,,boti,no,false,boti,nomodifier,7/25/2019,13:41,24961,2,right,left
56,3,v4,3,new,wug,no,true,wug,new,7/25/2019,13:41,11765,2,right,right
55,6,v3,6,new,koba,no,false,koba,new,7/25/2019,13:41,7353,1,left,right
56,3,v4,4,,koba,yes,true,koba,nomodifier,7/25/2019,13:41,6461,1,left,left
55,6,v3,7,new,gade,yes,true,gade,new,7/25/2019,13:41,9484,1,left,left
56,3,v4,5,new,boti,yes,true,boti,new,7/25/2019,13:41,6988,2,right,right
56,3,v4,6,new,zorp,no,true,zorp,new,7/25/2019,13:41,5050,2,right,right
55,6,v3,8,,zorp,yes,true,zorp,nomodifier,7/25/2019,13:41,8104,1,left,left
56,3,v4,7,,blicket,yes,true,blicket,nomodifier,7/25/2019,13:41,5509,2,right,right
56,3,v4,8,,sprock,no,true,sprock,nomodifier,7/25/2019,13:41,5812,1,left,left
subid, subage, version, counter, mod, targetname, response, chosetarget, targetname,modifier, date, timestamp,rtsearch, targetpos,targetside,chosenside 
0,0,v1,1,new,sprock,no,false,sprock,new,7/25/2019,14:43,4475,1,left,right
subid, subage, version, counter, mod, targetname, response, chosetarget, targetname,modifier, date, timestamp,rtsearch, targetpos,targetside,chosenside 
0,0,v3,1,new,blicket,no,false,blicket,new,7/25/2019,14:40,3906,2,right,left
0,0,v3,2,,wug,yes,true,wug,nomodifier,7/25/2019,14:40,3262,2,right,right
subid, subage, version, counter, mod, targetname, response, chosetarget, targetname,modifier, date, timestamp,rtsearch, targetpos,targetside,chosenside 
0,0,v1,2,,zorp,no,false,zorp,nomodifier,7/25/2019,14:43,32884,1,left,right
0,0,v3,3,,toma,no,false,toma,nomodifier,7/25/2019,14:40,2955,1,left,right
0,0,v1,1,,boti,yes,true,boti,nomodifier,7/25/2019,14:42,2761,1,left,left
0,0,v3,4,new,sprock,yes,true,sprock,new,7/25/2019,14:40,4270,1,left,left
0,0,v1,2,new,sprock,no,false,sprock,new,7/25/2019,14:42,2507,1,left,right
0,0,v3,5,new,koba,no,false,koba,new,7/25/2019,14:40,2676,2,right,left
0,0,v1,3,new,blicket,yes,true,blicket,new,7/25/2019,14:42,2513,2,right,right
0,0,v3,6,,boti,no,false,boti,nomodifier,7/25/2019,14:40,2703,1,left,right
0,0,v1,4,,zorp,no,false,zorp,nomodifier,7/25/2019,14:42,2641,2,right,left
0,0,v3,7,,zorp,yes,true,zorp,nomodifier,7/25/2019,14:40,3226,1,left,left
0,0,v1,5,new,gade,no,false,gade,new,7/25/2019,14:42,3641,2,right,left
0,0,v3,8,new,gade,yes,true,gade,new,7/25/2019,14:40,3713,1,left,left
0,0,v1,6,,toma,yes,true,toma,nomodifier,7/25/2019,14:42,1675,1,left,left
0,0,v1,7,new,koba,yes,true,koba,new,7/25/2019,14:42,2501,1,left,left
0,0,v1,8,,wug,no,false,wug,nomodifier,7/25/2019,14:42,7040,2,right,left
subid, subage, version, counter, mod, targetname, response, chosetarget, targetname,modifier, date, timestamp,rtsearch, targetpos,targetside,chosenside 
0,0,v3,1,new,blicket,no,true,blicket,new,7/25/2019,14:58,2875,1,left,left
subid, subage, version, counter, mod, targetname, response, chosetarget, targetname,modifier, date, timestamp,rtsearch, targetpos,targetside,chosenside 
57,6,v1,1,,boti,yes,true,boti,nomodifier,7/25/2019,14:56,5705,2,right,right
57,6,v1,2,new,blicket,yes,true,blicket,new,7/25/2019,14:56,6264,2,right,right
57,6,v1,3,,zorp,no,true,zorp,nomodifier,7/25/2019,14:56,4713,2,right,right
57,6,v1,4,new,sprock,no,true,sprock,new,7/25/2019,14:56,1956,1,left,left
57,6,v1,5,,toma,yes,true,toma,nomodifier,7/25/2019,14:56,2711,1,left,left
57,6,v1,6,new,koba,yes,true,koba,new,7/25/2019,14:56,3705,2,right,right
57,6,v1,7,new,gade,no,true,gade,new,7/25/2019,14:56,3347,2,right,right
57,6,v1,8,,wug,no,true,wug,nomodifier,7/25/2019,14:56,3276,2,right,right
0,0,v3,2,,wug,yes,true,wug,nomodifier,7/25/2019,14:58,290813,2,right,right
0,0,v3,3,,toma,no,true,toma,nomodifier,7/25/2019,14:58,2682,2,right,right
0,0,v3,4,new,sprock,yes,true,sprock,new,7/25/2019,14:58,2685,2,right,right
0,0,v3,5,new,koba,no,true,koba,new,7/25/2019,14:58,2426,1,left,left
0,0,v3,6,,boti,no,false,boti,nomodifier,7/25/2019,14:58,2505,2,right,left
0,0,v3,7,,zorp,yes,true,zorp,nomodifier,7/25/2019,14:58,1420,2,right,right
0,0,v3,8,new,gade,yes,true,gade,new,7/25/2019,14:58,2327,1,left,left
subid, subage, version, counter, mod, targetname, response, chosetarget, targetname,modifier, date, timestamp,rtsearch, targetpos,targetside,chosenside 
58,3,v4,1,,gade,no,false,gade,nomodifier,7/25/2019,15:03,19100,1,left,right
58,3,v4,2,new,wug,no,true,wug,new,7/25/2019,15:03,7632,2,right,right
58,3,v4,3,new,toma,yes,true,toma,new,7/25/2019,15:03,4191,2,right,right
58,3,v4,4,,koba,yes,true,koba,nomodifier,7/25/2019,15:03,4290,2,right,right
58,3,v4,5,new,boti,yes,false,boti,new,7/25/2019,15:03,5163,1,left,right
58,3,v4,6,new,zorp,no,true,zorp,new,7/25/2019,15:03,3658,1,left,left
58,3,v4,7,,sprock,no,true,sprock,nomodifier,7/25/2019,15:03,6621,2,right,right
58,3,v4,8,,blicket,yes,true,blicket,nomodifier,7/25/2019,15:03,3097,2,right,right
subid, subage, version, counter, mod, targetname, response, chosetarget, targetname,modifier, date, timestamp,rtsearch, targetpos,targetside,chosenside 
59,4,v3,1,,toma,no,false,toma,nomodifier,7/25/2019,14:53,4420,2,right,left
59,4,v3,2,,wug,yes,true,wug,nomodifier,7/25/2019,14:53,5589,2,right,right
59,4,v3,3,new,blicket,no,true,blicket,new,7/25/2019,14:53,3456,2,right,right
59,4,v3,4,new,sprock,yes,true,sprock,new,7/25/2019,14:53,4493,2,right,right
subid, subage, version, counter, mod, targetname, response, chosetarget, targetname,modifier, date, timestamp,rtsearch, targetpos,targetside,chosenside 
59,4,v3,5,new,koba,no,false,koba,new,7/25/2019,14:53,2792,1,left,right
60,3,v4,1,,koba,yes,true,koba,nomodifier,7/25/2019,15:10,6605,2,right,right
59,4,v3,6,,zorp,yes,false,zorp,nomodifier,7/25/2019,14:53,2697,1,left,right
60,3,v4,2,,gade,no,false,gade,nomodifier,7/25/2019,15:10,5823,1,left,right
59,4,v3,7,new,gade,yes,false,gade,new,7/25/2019,14:53,5302,2,right,left
59,4,v3,8,,boti,no,false,boti,nomodifier,7/25/2019,14:53,2642,1,left,right
60,3,v4,3,new,toma,yes,false,toma,new,7/25/2019,15:10,5597,2,right,left
60,3,v4,4,new,wug,no,false,wug,new,7/25/2019,15:10,8393,1,left,right
60,3,v4,5,new,boti,yes,false,boti,new,7/25/2019,15:10,4959,1,left,right
60,3,v4,6,,sprock,no,false,sprock,nomodifier,7/25/2019,15:10,4840,1,left,right
60,3,v4,7,new,zorp,no,false,zorp,new,7/25/2019,15:10,5094,2,right,left
60,3,v4,8,,blicket,yes,false,blicket,nomodifier,7/25/2019,15:10,4917,1,left,right
subid, subage, version, counter, mod, targetname, response, chosetarget, targetname,modifier, date, timestamp,rtsearch, targetpos,targetside,chosenside 
61,5,v4,1,,koba,yes,true,koba,nomodifier,7/25/2019,15:45,3367,1,left,left
61,5,v4,2,,gade,no,true,gade,nomodifier,7/25/2019,15:45,3762,2,right,right
61,5,v4,3,new,toma,yes,true,toma,new,7/25/2019,15:45,1738,2,right,right
61,5,v4,4,new,wug,no,true,wug,new,7/25/2019,15:45,2183,2,right,right
61,5,v4,5,new,zorp,no,true,zorp,new,7/25/2019,15:45,5680,1,left,left
61,5,v4,6,,blicket,yes,true,blicket,nomodifier,7/25/2019,15:45,3885,2,right,right
61,5,v4,7,,sprock,no,false,sprock,nomodifier,7/25/2019,15:45,4923,1,left,right
61,5,v4,8,new,boti,yes,true,boti,new,7/25/2019,15:45,2249,2,right,right
